{"cameraMode":{"drawMode":0,"name":"Shaded","section":"Shading Mode"},"sceneLighting":true,"audioPlay":false,"sceneViewState":{"m_AlwaysRefresh":false,"showFog":true,"showSkybox":true,"showFlares":true,"showImageEffects":true,"showParticleSystems":true,"showVisualEffectGraphs":true,"m_FxEnabled":true},"in2DMode":false,"pivot":{"x":-8.524076461791993,"y":1.231459140777588,"z":0.17669200897216798},"rotation":{"x":-0.06922004371881485,"y":0.867408037185669,"z":-0.12605346739292146,"w":-0.47634729743003847},"size":14.249953269958496,"orthographic":true}